dancer_id,wins_2025,wins_total,dancer_name
8344,14,55,Zachary Skinner
6207,10,26,Nicole Ramirez
11629,7,20,Igor Pitangui
11759,7,28,Sebastian Quinones
17955,6,13,Sebastian Gerwald
13110,6,15,Allan Thivoz
10713,6,6,Aleksandra Radziejewska
17340,5,12,Stefanie Tschom
9140,5,21,Maddy Skinner
11819,5,14,Dianeva Poirson
10672,5,30,Thibault Ramirez
20700,5,16,Mackenzie Keister
14487,5,11,Kristen Wallace
12638,5,22,Ken Rutland
17182,5,12,Noelle Hoeppner
20512,5,22,Keerigan Rudd
13962,5,14,Philippe Amar
20974,4,11,Dario Haxhia
21287,4,6,Abigail Roach
22414,4,7,Hanna Junk
15713,4,12,Clement Turpain
14098,4,9,Jeffrey Wingo
12808,4,4,Althea Lew
7258,4,31,Sheven Kekoolani
13295,4,8,Joshua Schubert
17343,4,11,Isaiah Tingus
16959,4,4,Jerome Speck
9139,4,6,Paiton Hebert
22890,4,4,Mathias Mendillo
18560,4,6,Aless Tondolo
10440,4,26,Daniel Pavlov
12417,3,8,Joseph Tong
24864,3,3,Matthew Casillas
14186,3,9,Aymeline Felmy
11058,3,6,Rosemary Whitson
23579,3,3,Dominik Kóbor
12842,3,10,Sam Vaden
21587,3,3,Payten Rudd
14201,3,15,Pavel Katunin
7589,3,14,Miguel Ortega
21302,3,7,Lorenzo Valerio La Pietra
12739,3,7,Teemu Lujala
25753,3,3,Lucas Frassrand
21515,3,7,Camille Picano
10273,3,10,Savana Barreau
22798,3,4,Miranda Lisowski
18932,3,5,Florian Hamm
24225,3,3,Matvey Grigoriev
6236,3,9,Heejung Jung
14022,3,8,Ekaterina Gorianaya
24792,3,3,Red Elghazi
14024,3,11,Omaid Karimi
23245,3,3,Macie Sandlin
6581,3,27,Alyssa McKeever
22529,3,3,Jess Skjonsby
24458,3,3,Adam Hendrawan
19817,3,8,Fabio Zanardelli
21486,3,4,Andrea Gomez
10175,3,19,Joel Torgeson
25755,3,4,Willow Vander Kooi
20300,3,5,Joscha Brick
7202,3,24,Janelle Guido
14209,3,18,Mackenzie Sharp
19457,3,10,Lotte Meier
21146,3,4,Elise Renwick
18516,3,14,Neil Joshi
3125,3,48,Ben Morris
14601,3,6,Jaden Pfeiffer
11162,3,20,Maina Vila Cobarsi
23832,3,3,Marcus Moström
22061,3,5,Jess Mar
15530,3,12,Alexandra Branco
19048,3,3,Carla Crowen
15581,3,16,Attila Kobori
23787,3,4,Spencer Gyore
8419,3,8,Thomas Clyde
11433,3,14,Jakub Jakoubek
23464,3,3,Filippa Lange
11649,3,11,Lindsay Mistretta
14746,3,5,Pauline Charbogne
14379,3,8,Grant Walker
12089,3,12,Fernanda Dubiel
12106,3,16,Ilmira Galieva
19404,3,10,Evan Schreiber
14415,3,4,Florencia Diaz
22245,3,5,Justin Kereszturi
22171,3,3,Daniella Robichaud
20514,3,4,Katie Jensen
15980,2,6,Reetta Koivuniemi
22779,2,2,Sean Callahan
15201,2,24,Jula Palenga
20209,2,6,Alexander Nguyen
15280,2,5,Chloe Winzar
15518,2,2,Paula Benitez
25897,2,2,Sydney Thomas
20014,2,3,Steve Fitz
15914,2,5,Anna Niedzialek
24776,2,2,Alex Acevedo
25439,2,2,Lennard Selli
25940,2,2,André Zenzmaier
24696,2,2,Olga Mikheeva
20063,2,3,Anastasiya Ivanova
16369,2,9,Branden Strong
22878,2,6,Egan Anselmo
25979,2,2,Romana Břízová
24547,2,2,Gage Abernathy
20188,2,4,Julio Alvarez
21286,2,4,Kayla Coghlan
15381,2,5,Artem Lebsak
15606,2,15,Dimitri Hector
24708,2,2,Konstantin Salin
20165,2,4,Monika Drzewiecka
16307,2,6,Robin Lysaker
21533,2,4,Casey Bender
16672,2,3,Lauren Bellenbaum
18448,2,6,Estelle Chardonnens
24909,2,2,Gabe Ofordu
19302,2,5,Charlotte Forster
22112,2,4,Josh Safiniuk
18041,2,5,Ilyas Galiev
21676,2,3,Fiore Marra
18215,2,4,Fran Vidal
18232,2,2,Melina Voglhuber
22004,2,12,Trenten Jackson
26300,2,2,Gretchen Smith
21713,2,3,Ting Lu
18987,2,5,Aleix Figueras
26243,2,2,Tytus Thornton
18941,2,3,Charlotte Marbus
21888,2,4,Michael Kuss
21886,2,6,Connor Akers
18566,2,2,Chloe Ourties
25093,2,2,Mackenzie Singer
18580,2,5,Rafal Grzelak
18627,2,3,Kevin Adu
18652,2,3,Eduardo Nunez
21829,2,2,Neel Raj
18665,2,6,Michelle Braun
22160,2,6,Corinne Smith
17843,2,10,Anja Riste
22568,2,3,Fedor Mayboroda
20254,2,2,Kyle Monahan
22567,2,5,Vasiliy Skurydin
16839,2,5,Eliot Heinrich
16887,2,3,Maria Niedzialek
22536,2,5,Trevor Hayes
21422,2,3,Jeren Kutcher
22493,2,2,Valerie Udier
21504,2,3,Lukas Weiß
22452,2,3,Etienne Joseph Charles
17223,2,2,Henry Phan
22437,2,5,Jing Huang
22425,2,3,Philipp Winking
17737,2,8,Shayla Bouise
25302,2,2,Agnieszka Mentel
17339,2,9,Ivan Katrunov
22376,2,3,Ryan Osbourn
17445,2,2,Ewelina Lapinska
22320,2,2,Maxim Popov
25288,2,2,Luke Applin
19443,2,3,Grainne Farrell
21617,2,2,Joseph Geluz
22289,2,2,Silas Oakland
19409,2,5,Elizabeth Wyke
15178,2,3,Antoine Cantin
20314,2,3,Aaron Didner
21228,2,2,Christoph Kunit
13530,2,4,Alli Reese
20687,2,2,Kelsey Gonzales
21034,2,4,Veronica Davis
21068,2,2,Hai Phan
12366,2,4,Fran Carroll
7835,2,3,Jacob Pernell
24068,2,3,Julia Kereszturi
20604,2,2,Kai Ploeger
25537,2,2,Alexis Dolgoff
24103,2,2,Caio Botelho
12629,2,8,Océane Even
21225,2,3,Tobias Heinlein
24104,2,2,Vincent Meyer
23308,2,2,Fabian Thumshirn
20585,2,5,Luca Schnoor
7299,2,28,Hugo Miguez
12916,2,4,Anna Gruszczynska
7180,2,9,Katrina Ostrenski
13036,2,12,Christine Medin
25528,2,2,Josh Hartnett
6916,2,11,Shanna Porcari
23269,2,4,Eva Blakney
1333,2,15,Brandi Tobias
13463,2,8,Reasmey Tith
8123,2,12,Margaret Tuttle
8173,2,19,Artur Radzikhovsky
23425,2,4,Chloe Christine
10632,2,4,Jordan Fox
20842,2,4,Clara Deiters
23666,2,2,Sarah Willis
10214,2,19,Joao Parada
9529,2,5,Elena Kotelnikova
20892,2,5,Aaron Mitchell
10324,2,5,Michael Caro
9478,2,2,Corrinne Schwartz
1047,2,9,Demetre Souliotes
9363,2,25,Bryn Anderson
23777,2,3,Jonathan Morgan
20835,2,4,Ngoc Anh Walter
23427,2,2,Hannah Ginsburg
23546,2,2,Gaby Sandoval
9053,2,9,Jade Bryan
8920,2,5,Andy Fernandes
8870,2,11,Todd Coulthard
11197,2,14,Ekaterina Wolff
11262,2,13,Anna Wallace
20775,2,2,William Danielsson
20719,2,4,Anastasiya Yuzhakova
20714,2,2,Viacheslav Volkov
8262,2,5,Sharell Weeams
13528,2,6,Haley Hauglum
7537,2,13,Emeline Rochefeuille
24379,2,2,Anik Dutta
20463,2,2,Angeline Sullivan
14057,2,12,Rolf Eirik
3041,2,13,Susan Kirklin
21136,2,4,Charlie Fournier
5748,2,38,Cameo Cross
20474,2,2,Shelby Evans
3331,2,23,Torri Zzaoui
22987,2,4,Tatiana Kaneva
14691,2,3,Tina Kronberg
25780,2,2,Dean Stroeder
14563,2,16,Leo Lorenzo
23163,2,3,Courtney Mejias
13589,2,8,Alejandro Hernandez
14489,2,5,Rachel Shook
25814,2,2,Jade Savoia
23189,2,4,Rafał Jasionkowski
5747,2,17,Maxence Martin
24278,2,3,Nicole Bruner
13957,2,8,John Carrez
22900,2,2,Gabriel J Rogers
25482,2,2,Yue Yu
20538,2,2,Denis Kosovich
4033,2,13,Lara Deni
619,2,54,Tatiana Mollmann
14770,2,21,Skylar Pritchard
25124,1,1,Natasha Spivak
25238,1,1,Andrea Pásztor
25237,1,1,Dora Kocsis
25441,1,1,Kevin Basham
25229,1,1,Dénes Nagy
25227,1,1,Regina Galiyeva
25442,1,1,Annaliese Mann
25585,1,1,Yaroslav Podkolzin
25143,1,1,Sophia Lanzner
25444,1,1,Leigh Jean Koinzan
25604,1,1,Nelly Ylitalo
25220,1,1,Ozlem Davis
25409,1,1,Pia Kim
25451,1,1,Lorne Sveinbjornson
25198,1,1,Charissa Spijkers
25587,1,1,Liana Aminova
25427,1,1,Karmen Majdič
25449,1,1,Brian Nuyen
25193,1,1,Anja Buchhorn
25187,1,1,David Castrejon
25594,1,1,Jakob Liliekvist
25602,1,1,Gioia Pettinari
25180,1,1,Nadiya Tyshetska
25456,1,1,Rebecca Oliver
25582,1,1,Tobias Solymosi
25172,1,1,Robin Lamm
25208,1,1,Jay Stewart
25324,1,1,Emily Kahn
25245,1,1,Aleksandra Świątek
25371,1,1,Asude Muftuoglu
25292,1,1,Michał Hryb
25548,1,1,Vincent DeRise
25366,1,1,Valentin Vogel
25354,1,1,Janelle Tang
25352,1,1,Cam-Tu Tomkins
25350,1,1,David Saylors
25349,1,1,Daniel Ahn
25335,1,1,Margot Rankins-Burd
25307,1,1,Kristina Uldina
25496,1,1,Sean Auyong
25319,1,1,Daniel Musallam
25321,1,1,Mackenzie Andrews
25519,1,1,Henry Chiang
25331,1,1,Elijah Pitt-Gryaznov
25506,1,1,Margot Hamelin
25290,1,1,Sydni Hearn
25551,1,1,Anna Lackman
25573,1,1,Caroline Maiß
25552,1,1,Noelia Guerrero
25259,1,1,Marie Nagy
25569,1,1,Viviane Kaltenbach
25472,1,1,Keith Lewis
25405,1,1,Seungsoo Lee
25473,1,1,Ivy Hotz
25261,1,1,Magdalena Machala
25565,1,1,Sofia Stock
25392,1,1,Aurélie Tesson
25271,1,1,Sylvain Moioli
25556,1,1,Felicity Humphrey
25275,1,1,Andrew Shuff
25280,1,1,Carron Dempster
25382,1,1,Dominika Wiatrowska
25381,1,1,Teodora Rășină
25553,1,1,Michael Jones
25135,1,1,Paige Rutherford
10042,1,1,Julie Grippon
25114,1,1,Maenard Bihis
24425,1,1,Guillaume Franque
24241,1,1,Srishti Love
24255,1,1,Nadia Mofidi
24260,1,1,Keith Lee
24262,1,1,Joey Tham
24266,1,2,Ethan Jasso
24280,1,1,Isabella Espinosa
24288,1,1,Hannah Byars
24364,1,1,Véda Szücs
24369,1,2,Jennifer Xiao
24374,1,1,Joana Benner
24387,1,1,Christelle Courtois
24399,1,1,Anežka Rajmonová
24402,1,1,Anton Volodko
24403,1,1,Theresa Fajardo
24437,1,1,Julia Thomas
24617,1,1,Mitchell Smith
24442,1,1,Nagy Tímea
24455,1,1,Breydon Lyall
24483,1,1,Hannah Uriel
24493,1,2,Mélanie Lizarte
24500,1,1,Sven Ferstl
24515,1,1,Eric Buchwald
24516,1,1,Una Kacavenda
24518,1,1,Ellanique Collins
24525,1,1,Magnus Ehnberg
24552,1,2,Alice Nuryati
24562,1,2,Kieran McGrath
24573,1,1,Nicole Hardwick
24591,1,1,Rosa Paparini
24598,1,1,Melissa Gillespie
24233,1,1,Maddy Knox
24198,1,1,Amit Klein
24194,1,1,Fiona Kandzior
24171,1,1,Tegan Lowe
23723,1,1,Alesia Haxhia
23758,1,1,Daria Morozova
23761,1,1,Jason Math
23778,1,1,Trevor Karpinski
23785,1,3,Andrew Pifferini
23805,1,2,Shweta Mehta
23806,1,2,Shelly Baillie
23808,1,1,Adele Strub
23844,1,1,Anton Matveev
23857,1,1,Kate Gehrke
23919,1,2,Alvaro Hilario Garcia
23925,1,1,Lukas Samuel Jeck
23943,1,1,Janine Schlaak
23949,1,1,Lara Schneider
23959,1,1,Briley Sterling
23968,1,1,Annie Ogren
23973,1,1,Heather Sabel
23992,1,1,Adrian Wisnios
24016,1,1,Murry Haithcock
24029,1,1,Olivia Smith
24039,1,1,Sarah Brown
24046,1,1,Devon Holcombe
24047,1,1,Mckenna Vroom
24067,1,1,Matthew Dotson
24080,1,1,Margaret Sullivan
24093,1,1,Ajay Phatak
24095,1,1,Tom Gillespie
24108,1,1,Sidney Peng
24116,1,1,Fafadji Gnofame
24599,1,1,Yalini Kandheswari
24619,1,1,Kim Taylor
25111,1,1,Hilmi Lapinniemi
24962,1,1,Indi Puckett
24872,1,1,Brycelyn Knudson
24874,1,1,Nataliia Miroshnychenko
24880,1,1,Bende Marton
24883,1,1,Ariel Eshet
24888,1,1,Vanessza Vegi
24896,1,1,Cezary Zajkowski
24898,1,1,Joseph Quintana
24901,1,1,Halie Burke
24914,1,1,Dana Johnson
24916,1,1,Florent Chauvin
24923,1,1,Elise Mege
24936,1,1,Cindy Sims
24938,1,1,Alexandru Tarlia
24940,1,1,Claire Kilburn
24973,1,1,Hannah Adair
24621,1,2,Julien Espagnet
24978,1,1,Christian Kittery
24987,1,1,Helene Hølaas
24999,1,1,Eduard Arutyunov
25009,1,1,Polina Makhonko
25024,1,1,Ian McAreavy
25032,1,1,Marissa A. Guillen
25042,1,1,Ariane Ang
25044,1,1,Daniella Sangster
25054,1,1,Caroline Vitrac
25059,1,1,Rachel Caines
25079,1,1,Linda Wikström
25084,1,1,Luis Farías
25087,1,1,Meridith Fulton
25094,1,1,Viljami Jauhiainen
24870,1,1,Talisha Edwards
24865,1,1,Almir Mehmedovic
24863,1,1,Brandon Li
24854,1,1,Julianna Moore
24631,1,1,Micael Ernst
24633,1,2,Csongor Ferenczi
24651,1,1,Pawel Pasterz
24657,1,1,Anthony Austin
24674,1,1,Leonardo Pahuriray
24682,1,2,Mallory Fuhrmann
24707,1,2,Roman Yelagin
24711,1,1,Nataliya Babak
24724,1,2,Mariia Ilina
24728,1,1,Henny Sveen
24752,1,1,Miriam Griebaum
24764,1,1,Lucy Sobczak
24768,1,1,Milla Nyyssölä
24773,1,1,Haya Al Khatib
24775,1,1,Elise Nordli
24778,1,1,Jennifer Hu
24782,1,1,Audrey Uspensky
25613,1,1,Kevin Jilg
24795,1,1,Trudie Davies
24798,1,1,Tyler O’Rear
24800,1,1,Mistie Webb
24809,1,1,Michael Romanek
24815,1,1,Aneta Gienibor
24826,1,1,Lucas Melmer-Wolf
24829,1,1,Matthias Tuncel
24834,1,1,Emilie Lum
24836,1,1,Domenica Dunnigan
24843,1,1,Kristie Zamora Becker
24850,1,1,Michael Salber
25612,1,1,Elise Nöjd
25998,1,1,David Flores
25622,1,1,Mirja Barth
27106,1,1,Yohan Nooshian
27128,1,1,Stephanie Russell
27125,1,1,Benediktas Tarasovas
27123,1,1,Viktoriya Zabrovskaya
27118,1,1,Maria Nikolaeva
27115,1,1,ILya Shevcov
27109,1,1,Stéphanie Guicherd
27095,1,1,Caitlin Scaife
27147,1,1,Leslie Nuemann
27090,1,1,Rhys Barnes
27087,1,2,Jaedell Gresham
27083,1,1,Ayana Sumner
27081,1,1,Lilyann Linehan
27070,1,1,Minna Baranyai
27062,1,1,Marcin Skiba
27138,1,1,Andrew Wong
27170,1,1,Allison Munck
26734,1,1,Natali Shatchan
27252,1,1,Nina Chere Norgaard
27289,1,1,Krystal-Anaïs Capdegel
27286,1,1,Yannick Franoux
27272,1,1,Eugenia Rzedzicka
27267,1,1,Michał Wichowski
27262,1,1,Kerstin Adass
27257,1,1,Ben Delight
27237,1,1,Ann-Cecilie Stokkenes
27184,1,1,Ryan Gaudat
27225,1,1,Olga Komarova
27222,1,1,Alexander Pershin
27208,1,1,Ben Haut
27197,1,1,Anup Sreekumar
27194,1,1,Tracey Smith
27188,1,1,Lorine Mougenot
27050,1,1,Ronja Štrukelj Kreč
27040,1,1,Aleks Petkov
27022,1,1,Yun Ting Peng
26796,1,1,Caziah Rockett
26854,1,1,Andréanne Chagnon-Robert
26837,1,1,Naresh Bellave
26832,1,1,Amanda Salis
26816,1,1,Iman Alia Saleh
26809,1,1,Luca Fornaciari
26805,1,1,Janette Ly
26788,1,1,Ashley Croft
27019,1,1,Adam Firdaus Tan
26781,1,1,Sandile Keswa
26780,1,1,Sayan Chattopadhyay
26779,1,1,Lola Rousseau
26767,1,1,Ragne Grønning Almberg
26751,1,1,Marita Hauglid
26747,1,1,Sandra Ingberg
26872,1,1,Emily Chern
26888,1,1,Luke Primrose
26898,1,1,Barak Binyamin
26906,1,1,Leo Retrain
26925,1,1,Lisa Koeffer
26928,1,1,Michelle Serame
26936,1,1,Jason Abrams
26944,1,1,Kate Benson
26953,1,1,Rodolfo Blanquicett
26958,1,1,Miriam Pütz
26968,1,1,Andrea Schalk
26980,1,1,Martin Buchalik
26983,1,1,Rasa Bojarun
26990,1,1,Benjamin Berstecher
26999,1,1,Magdalena Rachwał
27010,1,1,Micah Larson
27013,1,1,Dana Bourque
2832,1,27,Arjay Centeno
3124,1,3,Amanda Collins
3150,1,47,Benji Schwimmer
8212,1,4,Zsolt Vajda
8588,1,1,Natalie Lowry
8374,1,1,Magalie Vergne
8354,1,14,Emma Collyer
8338,1,4,Timea Gombos
8282,1,7,Sharon Her
8243,1,1,Kristen Hoffman
8203,1,10,Sara Mouchon
7849,1,9,JesAnn Nail
8074,1,1,Hollie Shannon
8004,1,15,Larisa Tingle
7995,1,2,Filipe De Barros
7918,1,16,Kyle Fitzgerald
7899,1,14,Derek Leyva
7881,1,17,Damien Favier
8709,1,3,Steve Csuth
8734,1,5,Eunice Wong
8814,1,4,Stacy Kay
8835,1,4,Nick Hughes
8861,1,3,Jerome Cabot
9012,1,10,Coralie Chastel
9058,1,8,Ibirocay Alsén
9094,1,2,Kirstin Oliver
9123,1,16,Kristen Shaw
9283,1,9,Marianne Low
9294,1,1,Ian Gray Cameron
9340,1,7,Lucky Sipin
9470,1,10,Mike Carringer
9498,1,3,Ellen Dacombe
9527,1,6,Anastasia Sidko
9635,1,2,Guy Livneh
9651,1,5,Joris Baraillon
7857,1,14,Chantelle Pianetta
7821,1,17,Ludovic Pelegrin
3685,1,29,Michael Kielbasa
5178,1,17,Mackenzie Goodmanson
6199,1,15,Andrew Opyrchal
6040,1,9,Jonathan Taylor
5828,1,1,Jeff Smith
5812,1,7,James H
5785,1,4,Camille Webb
5372,1,16,Trendlyon Veal
5168,1,8,Dallas Radcliffe
7813,1,3,Celine Fournier
5103,1,7,Markus Smith
5037,1,1,Autumn Barr
50,1,29,Matt Auclair
4988,1,3,Doug Morgan
4898,1,6,Alex Wood
3805,1,15,Tara Trafzer
6204,1,17,Christopher Dumond
6228,1,6,Abigail Baker
6304,1,2,Amy Shibasaki
6367,1,16,Brennar Goree
6535,1,9,David Ward
6775,1,13,Reginald Beason
6778,1,6,Pascal Emond
6883,1,3,Pierre-Olivier Bastien-Dionne
7014,1,10,Clint Glasgow
7124,1,9,Aidan Keith Hynes
7353,1,9,Tony Schubert
7362,1,7,Michael Nahem
7507,1,1,Cherylyn Annicella
7517,1,11,Cj Caraway
7592,1,13,Marina Motronenko
764,1,41,Robert Royston
7646,1,17,Delancey Von Langendoerfer
26744,1,1,Nadège Graveaud
26730,1,1,Louis Carruthers
25624,1,1,Madeleine Reiter
25929,1,1,Joachim Förster
25978,1,1,Rodolfo Blanquicett
25977,1,1,Makayla Heinle
25960,1,1,Jordan Robey
25951,1,1,Kyla Welsh
25948,1,1,Hannah Roth
25945,1,1,Laura Prada
25913,1,1,Tanja Blätz
25997,1,1,Oleksandra Makedon
25902,1,1,Wolf Schade
25900,1,2,Bailey Miles
25880,1,1,Agnieszka Paluszek
25871,1,1,Krzysztof Zajączkowski
25865,1,1,Olivia Doan
25863,1,1,Diego Brea
25987,1,1,Maja Ludwikowska
23689,1,1,Hailey Rogers
26728,1,1,Haustyn Forney
26072,1,1,Abbie Brown
26163,1,1,Alivia Spencer
26142,1,1,Lena Nielsen
26134,1,1,Marie-Christine Molina
26115,1,1,Jihan Salsabila
26106,1,1,Arnol Hamdani
26093,1,1,Emmi Myöhänen
26064,1,1,Galen Beede
25999,1,1,Ying Yu
26053,1,1,Irina Tuchinskaya
26050,1,1,Alisa Petrushina
26049,1,1,Xixuan Zhu
26019,1,1,Delphine Gorlier
26012,1,1,Bruno Ploumhans
26008,1,1,Luciana Gravotta
25862,1,1,Chase Beloff
25860,1,1,Sam Smith
25856,1,1,Fiona Newby
25663,1,1,Zoltán Dominguez
25713,1,1,Glenn Rossi
25709,1,1,Elisa Tabor
25697,1,1,Kimberly Neely
25684,1,1,Sarah Vergnolle
25680,1,1,Pierre-Joseph Delattre
25666,1,1,Vanessa Kremser
25661,1,1,Florian Albrecht
25841,1,1,Felicia Birgitta Lilkaer
25656,1,1,Karolina Kniaziuk
25647,1,1,Petra Franchi
25638,1,1,Daniel Gimenez Llorente
25631,1,1,Robin Sparr
25629,1,1,Martin Bloch
25625,1,1,Saskia Sportel
25726,1,1,Savannah Davis
25729,1,1,Kimberly Rapp
25732,1,1,Alison Klein
25737,1,1,Eddie Reyes
25744,1,1,Madelena Pine
25754,1,1,Alex Gracia
25756,1,1,Emily Aukamp
25757,1,1,Scott Hader
25771,1,1,Adrian Maldonado
25775,1,1,Curtis Jung
25777,1,1,Wendy Parr
25786,1,1,Pascal Turcot
25792,1,1,Stéphanie Vallée
25800,1,1,Kata Kosztolányi
25823,1,1,Josiah Nuest
25826,1,1,Alan Eijkelhof
25834,1,1,Rickard Ström
26176,1,1,Julia Åberg
26198,1,1,Dmitriy Bursh
26208,1,1,Alexandra Kleymenova
26525,1,1,Maria Sutter
26581,1,1,Arnold Cheong
26576,1,1,Dina Megat
26571,1,1,Yi-Hsiang Chen
26560,1,1,Romain Bobillier
26549,1,1,Lori Byrd
26536,1,1,Lilly Kaufman
26523,1,1,Peter Christian
26464,1,1,Cristina Nicoleta Niculae
26517,1,1,Raegan Kalasz
26515,1,1,Cai Garcia
26504,1,1,Daisy Mohrman
26494,1,1,Jessica Werlin
26491,1,1,Isaiah Figueroa
26481,1,1,Trinity Gorgas
26587,1,1,Aleksandr Timonin
26589,1,1,Tatyana Parfenova
26594,1,1,Giovanna Dubuc
26599,1,1,Bettina Velasco
26610,1,1,Kareen Rivera
26620,1,1,Silvia Saggiomo
26628,1,1,Verena Fuhrmann
26639,1,1,Matthias Palfi
26647,1,1,Saskia Reisenauer
26659,1,1,Pierre Vittorio Sinajon
26667,1,1,Soile Weaver
26675,1,1,Anton Shalgachev
26684,1,1,Elina Väisänen
26696,1,1,Emily Doubt
26704,1,1,Camille Renfroe
26720,1,1,Matthew Pische
26725,1,1,Carlysle Garland
26478,1,1,Ty Bucek
26448,1,1,Emily Engel
26224,1,1,Maria Chicheleva
26279,1,1,Michael Diez
26317,1,1,Slata Zlatin
26307,1,1,Yiqun Amy Chen
26293,1,1,BeLynn Buckley
26290,1,1,Zander Adkins
26289,1,2,Jazzy Durgin
26284,1,1,Carolina Penteado
26275,1,1,Isabel Lembke
26440,1,1,Sara Blasi
26270,1,1,Briahne Holland
26265,1,1,Rebecca Fox
26254,1,1,Stephanie Woo Dearden
26249,1,1,Robin Hylands
26233,1,1,Chelsea Evenson
26225,1,1,Adam Dahlman
26323,1,1,Helle Mortensen
26338,1,1,Marek Grzybowski
26343,1,1,Michał Chudzik
26348,1,1,Patrycja Tucholska
26360,1,1,Calvin Cleveland
26361,1,1,Stephenie Thai
26366,1,1,Gary Knox
26372,1,1,Katie Evers
26376,1,1,Dennis Horsch
26386,1,1,Isabelle Eras
26397,1,1,Calvin Hoe
26405,1,1,Kylia Ingraffia
26414,1,1,Ryan Brenneman
26421,1,1,Lily Varnado
26426,1,1,Stephanie Lindholm
26433,1,1,Seth Lowery
26435,1,1,Emily Hayes
23691,1,1,Matt Harris
22783,1,2,Emily Straight
23676,1,2,Taylor Jarrels
17622,1,1,Marie Caremantrant
17901,1,3,Henry Leonard
17863,1,3,Rohit Venugopal
17852,1,1,Julie Ringstad Larsen
17780,1,3,Rose Soiland
17635,1,4,Benjamin Artz
17625,1,4,Anna Khomyn
17577,1,4,Laura Clark
23667,1,1,Cali Corkran
17566,1,10,Julia Leonard
17565,1,2,Alicia Couturier
17531,1,5,Laura Trethewey
17518,1,1,Grace McDonald
17482,1,3,Panu Pesonen
17470,1,3,Antony Hamer
17934,1,1,Fiona Callaghan
17943,1,2,Alexandre Zaag
17954,1,4,Tobias Gerwald
17970,1,3,Allison Brown
18019,1,1,Sandy Gay
18025,1,3,Sam Lingane
18036,1,2,Franz Magen
18091,1,5,Marie-Pascale Cote
18119,1,1,Lorenzo Garcia
18133,1,1,Joan Kim
18139,1,7,Emily Hung
18152,1,1,Maxime Bonelli
18180,1,2,Gabriella Lakó
18236,1,1,Markus Pommermayr
18276,1,2,Maya Sigl
18352,1,1,Philippe Leger
18359,1,2,Jennifer Liu
17416,1,1,Mars McNally
17415,1,2,Tina Lin
17407,1,4,Annamaria Mezei
16961,1,5,Johnny Lee
16367,1,2,Vanessa Vitiello
16492,1,1,Taylor Carew
16514,1,2,Miroslav Paulik
16538,1,2,Wilson Huang
16588,1,3,Cecil Pham
16606,1,2,Magdalena Bosiacka
16609,1,1,Daniel Klein
16632,1,1,Anastasia Andreeva
16681,1,1,Tikwiza Nkowane
16722,1,6,Alexa Partos
16824,1,8,Shawn McGettigan
16867,1,4,Max Wakeham
16924,1,1,Elizaveta Romanova
16956,1,3,Moojin Lee
16977,1,8,Marine Le Dudal
17399,1,2,Sanmit Narvekar
16989,1,2,Souraya Lorenz
17065,1,5,Renee Wasko
17070,1,3,Luke Reeves
17099,1,2,Taras Petrenko
17121,1,4,Chloe Martial
17143,1,1,Lilian Chia
17192,1,4,Kaley Thompson
17230,1,3,Lindsay Becerra
17254,1,6,Vanessa Bachmann
17255,1,2,Florian Höhner
17309,1,3,Blake Kirby
17317,1,3,Cameron Riddle
17323,1,4,Robin Larsson
17332,1,2,Peter Aho
18386,1,2,Simon Pannek
18397,1,2,Amandine Royer
18425,1,1,Liz Dewald
19846,1,2,Meg Raymer-Brown
19407,1,1,Heather Nelson
19421,1,3,Tze Chao Chiam
19425,1,1,Luke Lebrasse
19435,1,2,Korinthian Gaines
19451,1,1,Hyunhee Lee
19485,1,2,Michael Warner
19555,1,3,Christopher Bernard
19577,1,1,Arina Fedorova
19594,1,2,Carisa Kozicki
19671,1,1,Shalyn Palmateer
19732,1,2,Alena Muñoz Sánchez
19773,1,1,Rupert Smith
19785,1,1,Malin Kloo
19811,1,1,Ludovic Monier
19885,1,1,Jessica Cox
19334,1,4,Emma Brillantes
19953,1,1,Doug Kim
19969,1,1,Fumiko Naka Jenkins
19970,1,3,Kristina Yiannopoulos
19982,1,7,Olga Aziattseva
20021,1,2,Zoe Boling
20050,1,2,Britney Porter
20078,1,5,Matthew Mueller
2008,1,6,Virginie Grondin
20111,1,5,Olivier Yoo
20112,1,2,Vladimir Geneste-Samissoff
20113,1,5,Mel Verduci
20116,1,3,Lisa Moinault
20118,1,2,Camille West
20122,1,4,Ornella Ortola
19387,1,2,Szidónia Tófalvi
19333,1,3,Corey Brillantes
18442,1,1,Anne Brade
18794,1,2,Anna Suzuki
18446,1,2,Cedric Le Franc
18451,1,10,Jonathan Wolfgram
18493,1,2,Emilia Reitamo
18501,1,2,Anton Drummond
18511,1,4,Kyle Eckman
18519,1,2,Megan Souza
18546,1,6,Marine Moinault
18553,1,1,Alice Delamare
18575,1,2,Seth Hostetler
18644,1,3,James Debacker
18653,1,3,Mirabella Gibson
18684,1,4,Samuel Cariou-Salaun
18720,1,2,Sonia Trave
18740,1,2,Miguel Gonzales
18800,1,2,Samantha Tan
19292,1,2,Lewis Poulsen
18976,1,3,Julian Lee
19003,1,1,Canan Klingseisen
19062,1,3,Audra Long
19138,1,5,Jillian Carroll
19167,1,1,Miho Myojin
19180,1,2,Nathan Rossard
19201,1,2,Marc Hummel
19203,1,1,Adrien Guesnel
19222,1,1,Marcel Helbich
19224,1,2,Madalina Varlam
19245,1,4,Hannah Bonaguide
19278,1,3,Victor Aitman
19281,1,1,Paula Arvidsson
19286,1,2,Iryna Sarnitska
16335,1,4,Hien Nguyen-Phuoc
16260,1,5,Blake Knoll
16242,1,6,Emil Zetterstrom
12546,1,2,Jonas Nicklas
12043,1,2,James Steel
12097,1,5,Michael Cheng
12098,1,1,Basia Lopatka
12159,1,2,Leah Lawrence
12183,1,10,Maria Bileychik
12218,1,1,Ruben Fagerli
12298,1,3,Felicia Magnusson Strom
12317,1,4,Daniel Trepat
12329,1,3,Pavel Kozlov
12384,1,14,Damian Gruszczynski
12424,1,8,Mia Pastor
12463,1,5,Amber Dillenkoffer
12509,1,6,Brad Gallow
12533,1,2,Mahala Fedor
12591,1,3,Kaitlyn Lankin Kraatz
11866,1,9,Caroline Bejstam
12612,1,3,Coralie Busseuil
12621,1,6,Kevin Rocher
12652,1,5,Anastasia Telegina
12686,1,3,Róbert Tóth
12751,1,3,Jennifer Ritzen
12763,1,2,Yuri Erokhin
12767,1,2,Margarita Perepelkina
12787,1,1,Kevin Lawrence
12806,1,3,Amanda Nullmeyers
12960,1,3,Laura Wenger
12962,1,14,Philipp Wolff
13034,1,1,Nicki Cacciato
13154,1,4,Justin Tomas
13220,1,3,Katia Rar
11953,1,4,Jacques-Olivier Hache
11851,1,4,Viktoria Burman
13304,1,8,Jennifer Norris
10895,1,9,Isabelle Roy
10047,1,30,Alex Kim
10074,1,8,Ardena Gojani
10216,1,5,Alyson Candido
10224,1,9,Hailey Toro
10285,1,4,Orhiane Dang
10386,1,16,Jesse Lopez
10443,1,4,William Gomez
10470,1,2,Evgenia Itkina
10528,1,3,Carmen Hyunsook Kim
10681,1,1,Ben Howard
10719,1,18,Elizabeth Spann
10755,1,6,Andrey Shenayev
10843,1,5,Chris On
10894,1,8,Matthew Davis
10896,1,9,Simon Girard
11846,1,6,Rachel Rivera
11027,1,11,Aleksandr Rozhkov
11125,1,4,Rogerio Storani
11135,1,9,Brittney Valdez
11139,1,15,Byron Brunerie
11160,1,12,Laurena Houhou
11182,1,2,Anthony Chen
11267,1,16,Za Thomaier
11288,1,5,David Kono
11337,1,6,Olga Ruban
11343,1,4,Alesya Kovaleva
11369,1,4,Taylor Schoen
11491,1,14,Brooklyn Lanham
11605,1,1,Fiona Raphael
11830,1,4,Alexandra Pasti
13275,1,2,Jana Schumacher
13410,1,1,Scott Clausen
16236,1,1,Karina Jurina
15367,1,6,Yevgeniya Karachentsova
14943,1,1,Michael Li
14945,1,5,Robert Veale
15005,1,1,Matthew Jones
15007,1,3,David Waugh
15019,1,8,Danika Dahl
15069,1,5,Florence Dehais
15071,1,3,Damien Porte
15072,1,7,Andreas Danielsson
15173,1,6,Martine Saetereng
15229,1,5,Floralie St-Hilaire-Adam
15250,1,2,Manxi Ye
15256,1,3,Alexandru Tanasoiu
15272,1,1,Marie-Amandine Carpentier
15305,1,4,Kelly E. Wright
15441,1,8,David Phan
14765,1,7,Raphael Ettedgui
15468,1,3,Sean Audet
15509,1,2,Camille Kipp
15512,1,5,Emmanuelle Bertrand
15529,1,1,Marion Muller
15587,1,2,Tori Mills
15904,1,1,Derek Avocado
15928,1,8,Florian Simon
15979,1,10,Tuomas Sillanpaa
15985,1,6,Ats Nisov
16016,1,2,Jaehyuk Jung
16048,1,3,Guido von Mulert
16071,1,11,Emily J. Huang
16075,1,3,Michael Hassey
16216,1,4,Irina Amzashvili
14942,1,5,Samantha Pugmire
14681,1,1,Beata Tracz
13456,1,4,Bertrand Sorin
14089,1,3,Katelyn Bouise
13465,1,6,Khayree Jones
13505,1,2,Annika Mäntylä
13518,1,1,Pernilla Maatta
13603,1,13,Artem Shapovalov
13608,1,4,Yuliya Shapovalova
13711,1,2,Johanna Thorn
13796,1,3,Amanda Brubaker
13798,1,3,Mandy Corbett
13952,1,2,Marine Valet
13959,1,2,Noémie Even
14030,1,5,Leo Cook
14033,1,4,Elizabeth Lloyd
14037,1,1,Danielle Senecal
14081,1,14,Lily Auclair
14094,1,3,Katie Smiley-Oyen
14676,1,4,Agnieszka Orzel
14112,1,2,Philipp Holzinger
14156,1,20,Alexander Stavola
14183,1,5,Evelina Lundberg
14213,1,5,Raushaniya Maksudova
14231,1,4,Robert Crocker
14283,1,1,Alexandru Marcu-Dancescu
14295,1,1,Danielle Abali
14336,1,5,My Hanh Tu
14459,1,13,Stella Maria Schletterer
14466,1,6,Nicole Moes
14588,1,8,Noah Antebi
14614,1,4,Helene Mickle
14663,1,4,Yu Hua Cheng
14671,1,5,Mandy Liu
20129,1,4,Deitric Thompson
20131,1,3,Sarah Storch
20137,1,7,Duane Erwin
22681,1,1,Henry McLemore
22538,1,2,Ellie Sousa
22542,1,1,Melika Shams
22559,1,5,Sebastian Shindel
22569,1,1,Dmitriy Panov
22573,1,1,Marina Kondrateva
22578,1,1,Sourav Sarkar
22579,1,1,Andreas Kloo
22591,1,1,Stefanie Winkler
22624,1,1,Jared Smythe
22637,1,2,Elodie Bois
22640,1,1,Lucie Pierau
22645,1,1,Agathe Montebrun
22662,1,1,Sarah Vollmerhaus
22675,1,2,Pacome Tomietto
22684,1,1,Shaun Clark
22524,1,1,Michael Barreto
22690,1,1,Saumya Bhandarkar
22691,1,1,Ellis Permann
22692,1,2,Karin Riechenberg
22704,1,1,Semenova Oksana
22741,1,1,Mikélé Da Silva Bois
22743,1,2,Nikita Richagneux
22748,1,1,Romain Bichon
22751,1,1,Nicolas Tombarello
22757,1,1,Daniel Desjardin
10044,1,5,Delphine Asselineau
22808,1,1,Hannah Klebel
22817,1,2,Aleksei Pushkarev
22833,1,2,Katarzyna Liszka
22840,1,1,Erick Sirisoukh
22526,1,2,Jindalae Suh
22516,1,2,Anna Hamre
22869,1,1,Olga Troszka
22248,1,3,Krista Young
22006,1,1,Mark Denker
22047,1,2,Emelie Fredriksson
22053,1,1,Jacob Ardnor
22080,1,2,Sarah Mollison
22085,1,3,Bobby Leitmann
22093,1,1,Veronique Hartmann
22113,1,2,Amelie Gruber
22114,1,1,Hanna Rieger
22120,1,2,Willy Carpaye
22154,1,2,Raphaël Pile
22162,1,1,Adam Nice
22225,1,1,Claire Swarbrick
22227,1,3,Daniel Curl
22247,1,1,Nicoli Liedtke
22266,1,2,Kainoa Archer
22502,1,2,Paulina Ścisło
22270,1,1,Marylou Durandeau
22302,1,1,Elena Assargiotis
22314,1,1,Jasminella Kangas
22319,1,1,Jubilee Call
22335,1,1,Sheryl Bushaw
22341,1,1,Corrine McGinnis
22364,1,2,Victor Tay
22381,1,1,Kendra Russell
22409,1,1,Mats Gentzsch
22423,1,1,Daniela Mony
22427,1,1,Johanna Skoerys
22448,1,1,Agnieszka Bak
22470,1,2,Daniele Gazzola
22485,1,6,Aaron Nuno
22847,1,1,Ashley Figler
22880,1,1,Hikari Iwasaki
21997,1,1,Nabil Fairbairn
23452,1,3,Yanna Zhdankina
23322,1,1,Olivia Wilhelms
23335,1,1,Taehee Lim
23340,1,1,Namwoo Song
23347,1,1,Lennie Racault
23356,1,1,Isabelle Staquet
23369,1,2,Ian J Cameron
23370,1,3,Austin Griffith
23378,1,1,Jihan Watkins
23387,1,1,Caine Chan
23407,1,1,Sonja Lam
23416,1,1,Hana Kim
23418,1,1,Rachel Wong
23422,1,1,Garrett Russell
23436,1,4,Jasmine Morrison
23459,1,2,Connie Yndal
23310,1,1,Anastasia Vanekhina
23480,1,5,Andrei Bires
23486,1,2,Martin Bautista
23489,1,2,Neil Ashford
23492,1,2,Liana Davies
23504,1,1,Apolline Castellani
23509,1,1,Helena Erkens
23529,1,1,Keesha Dalley
23535,1,1,Hannah Allen
23536,1,1,Natalie Ash
23543,1,1,Benton Hoskison
23569,1,1,Nicole North
23576,1,3,Anastasia Suvorova
23597,1,1,Lilla László
23613,1,1,Martin Sande
23320,1,1,Zeus Zalevskyi
23299,1,1,Olga Romanova
22882,1,1,Tom Hogue
23104,1,2,Océane Fillon
22885,1,1,Jessica Greene
22886,1,2,Elli Haugen
22903,1,4,Nathan Wong
22904,1,2,Clay Morrison
22932,1,2,Tatiana Doldonova
22938,1,2,Rhys Black
22952,1,1,Andrew Holmes
22954,1,1,Natacha Chenevoy
22957,1,2,Lucca Grygiel
22986,1,1,Kalaychidi Vladislav
23025,1,1,Tobias Ziegler
23088,1,1,Kate Markman
23100,1,1,Emmanuel Baudet
23101,1,1,Aubin Vallet
23166,1,2,Sarah Rose Goin
23293,1,1,Gabriel Wu
23169,1,1,Yoshi Tryba
23171,1,1,Patrick Blanchette
23180,1,1,Claire McCarthy
23191,1,1,Mathias Preuß
23192,1,1,Sebastian Brud
23195,1,1,Filip Piłat
23199,1,1,Dora Preszeller
23215,1,2,Wayana Dolan
23219,1,2,Seth Pearson
23225,1,1,Vita Zakhu
23246,1,2,Britta Albertson
23264,1,2,Miki OK
23277,1,1,Billie Nell
23286,1,1,Stacey Potter
22003,1,2,Sandy Samuel
21994,1,2,Monica Huang
20154,1,1,Ann Harrison
20877,1,2,Angela Belze
20705,1,1,Klim Borisov
20721,1,1,Julia Kapustina
20742,1,3,Emma Charlotte Young
20760,1,1,Serena Saarela
20770,1,1,Kat Tan
20787,1,1,Denis Gorbanyev
20791,1,1,Rilee Long
20807,1,1,David Choi
20832,1,5,Christina Landowski
20838,1,1,Johanna Meichelbock
20841,1,3,Timo Kurzendorfer
20855,1,2,Kylene Setzer
20859,1,2,Joah Vagnozzi
20873,1,1,Lewis Grand
20891,1,1,Kiya Govek
20682,1,4,Brittney Bush
20900,1,3,Timo Ahola
20920,1,1,Brittany Richardson
20941,1,1,Audrey Disnard
20961,1,1,Yushi Wang
20988,1,4,Suryaraj Salunkhe
20999,1,1,Zohar Belkin
21019,1,1,Christoph Schmiedhofer
21020,1,1,Klaudia Plaziak
21023,1,1,Jason Torchinsky
21077,1,2,Sofie Peilitz
21100,1,2,Trevor Jaskot
21104,1,3,Ella Bell
21106,1,1,Julie Winspear
21119,1,1,Mario Hanser
20691,1,6,Trevon Chaney
20628,1,1,Kamila Ciupińska
21128,1,1,Johanna Hanser
20391,1,1,Alexis Prouvost
20158,1,1,Marta Klisowska
20167,1,2,Christian Chua
20184,1,3,Jordan Foresyth
20193,1,1,Danielle Blohm
20196,1,1,Vincent Dorey
20233,1,3,Morgan Hearrell
20275,1,1,Sarah Adam
20282,1,4,Rahel Greiner
20290,1,1,Agnieszka Mikolajczyk
20304,1,5,Lea Hörner
20309,1,1,Ken Ng
20344,1,2,Jared Cogswell
20362,1,1,Brianna Pinckney
20367,1,2,Celine Kessler
20429,1,2,Olga Cencek
20625,1,1,Daria Scharl
20433,1,1,Milena Stolarska
20442,1,9,Lisa Shirokova
20510,1,2,Beatrix Teng
20539,1,1,Miika Aspiala
20543,1,2,Rebecca Cronheim
20544,1,2,Mattias Salder
20565,1,1,Angela Wood
20568,1,5,Manon Esparcieux
20569,1,2,Clemence Durand
20595,1,1,Ramona Mahr
20603,1,3,Leo Nguyen
20607,1,2,Carina Klaas
20608,1,2,Aline Koch
20619,1,1,Rafal Kulba
21126,1,3,Mélissa Gay
21129,1,1,Maeva Volle
21991,1,3,Trinity Madden
21775,1,2,Perrine Rutkowski
21635,1,1,Emory Roehrkasse
21657,1,3,Jun Tae Hoon
21662,1,1,Jungmi Park
21665,1,1,Rachel Stuart
21682,1,1,Ashley Davis
21685,1,2,Vicky Vasiliauskaite
21689,1,1,Irina Wilhelm
21700,1,1,Brice Issaurat
21702,1,1,Abel Colleu
21705,1,3,Samuel Yeun
21711,1,3,Wan Yu Lin
21717,1,1,Haruka Okada
21741,1,1,Nevena Banov
21762,1,1,Himanshu Paul
21777,1,1,Leiya Crosbie
21630,1,4,Igor Laryukhin
21781,1,1,Richard Stewart
21784,1,1,Ariane Martel
21800,1,1,Isaiah Copher
21820,1,2,Fanni Ressely
21837,1,3,Talisa Tam
21866,1,1,Leonie Schwan
21879,1,1,Muriel Guthoff
21902,1,2,Marie Fourriere
21906,1,1,Yara Mangindaan
21910,1,1,Alicja Kopeć
21934,1,1,Patrick Thompson
21947,1,1,Mandi Frazer
21966,1,1,Srikanth Avasarala
21969,1,1,Andrew Roach
21634,1,1,Robyn Giffen
21607,1,2,Elaine Dimal
21130,1,2,Michael Fleig
21294,1,3,Tibor Kostal
21133,1,7,Teddy Sanchez
21163,1,3,Alice Martel
21169,1,4,Zhong Xuan Khwa
21170,1,2,Edna Marie Theadore
21182,1,1,Øyvind Skjelbred
21188,1,1,Maria Molina
21207,1,3,Erik Petersen
21220,1,3,Anna Spiridonova
21233,1,1,Fanni Madarasz
21237,1,1,Chiara Bachmann
21242,1,1,Stefan Aworsky
21253,1,2,Asher Newman
21267,1,1,Daniel Mors
21288,1,2,Elina Sharipova
21308,1,2,Yann Lopez
21601,1,2,Lukas Massenberg
21313,1,1,Mara Titz
21314,1,2,Laurie Pinaud
21316,1,1,Olga Kim
21324,1,2,Jose Miguel Belloque Vane
21325,1,2,Hugo Beisser
21343,1,1,Harish Kommineni
21383,1,1,Mathieu Treilhou
21390,1,2,Manon Prunier
21403,1,3,Irène Bivas
21448,1,3,Kameron Moore
21464,1,1,Julia Doody
21494,1,5,Daniel Cruz
21544,1,1,Kasey Luo
21598,1,2,Hassan Kanouni
9888,1,9,Nataliya Kane
